7001,3001,Frederick,Wilson,f.wilson@randatmail.com,478-6938-77,5/30/2020
7002,3001,Edgar,Dixon,e.dixon@randatmail.com,554-0676-07,6/25/2020
7003,3001,Ned,Thomas,n.thomas@randatmail.com,990-8374-07,6/9/2020
7004,3002,Amelia,Johnson,a.johnson@randatmail.com,495-3448-02,5/6/2016
7005,3002,Jenna,Harper,j.harper@randatmail.com,453-7046-37,2/28/2017
7006,3002,Naomi,Walker,n.walker@randatmail.com,225-8328-24,10/16/2009
7007,3002,Anna,Farrell,a.farrell@randatmail.com,239-1065-08,12/31/2019
7008,3003,Byron,Smith,b.smith@randatmail.com,527-4677-97,5/4/2014
7009,3003,Luke,Sullivan,l.sullivan@randatmail.com,920-3192-14,9/6/2018
7010,3003,Jordan,Williams,j.williams@randatmail.com,149-7992-94,6/3/2020
7011,3004,Lucia,Kelley,l.kelley@randatmail.com,753-1815-59,9/9/2014
7012,3004,Aida,Richards,a.richards@randatmail.com,289-5773-92,11/3/2013
7013,3004,Owen,Myers,o.myers@randatmail.com,857-1296-72,3/30/2017
7014,3005,Roland,Morris,r.morris@randatmail.com,834-9627-89,8/6/2015
7015,3005,Joyce,Grant,j.grant@randatmail.com,991-6339-94,3/28/2020
7016,3005,Elian,Cooper,e.cooper@randatmail.com,335-8887-54,2/28/2017
7017,3006,Roland,Grant,r.grant@randatmail.com,594-7369-30,10/18/2021
7018,3006,Maximilian,Taylor,m.taylor@randatmail.com,276-8606-96,1/30/2023
7019,3007,Alfred,Mason,a.mason@randatmail.com,357-4425-41,5/4/2010
7020,3007,Samantha,Hunt,s.hunt@randatmail.com,487-9598-23,6/9/2011
7021,3007,Amanda,Wells,a.wells@randatmail.com,023-5948-60,6/4/2007
7022,3007,Alfred,Williams,a.williams@randatmail.com,467-9434-45,3/8/2020
7023,3007,Jasmine,Morgan,j.morgan@randatmail.com,322-5283-59,8/9/2019
7024,3008,Sophia,Baker,s.baker@randatmail.com,308-5662-70,6/9/2012
7025,3008,Arianna,Ellis,a.ellis@randatmail.com,890-4420-16,10/1/2011
7026,3009,Alberta,Roberts,a.roberts@randatmail.com,351-6482-32,2/3/2013
7027,3009,Kate,Thompson,k.thompson@randatmail.com,031-2714-48,4/28/2019
7028,3009,Martin,Cunningham,m.cunningham@randatmail.com,425-8761-55,11/13/2008
7029,3010,Leonardo,Russell,l.russell@randatmail.com,992-8731-96,12/18/2014
7030,3010,Evelyn,Owens,e.owens@randatmail.com,008-3280-85,6/9/2011
7031,3010,Aiden,Harper,a.harper@randatmail.com,134-7767-45,10/1/2011
7032,3010,Melissa,Foster,m.foster@randatmail.com,954-0118-64,10/18/2021
7033,3011,Justin,Gibson,j.gibson@randatmail.com,551-0929-51,5/6/2016
7034,3011,Deanna,Wilson,d.wilson@randatmail.com,544-0531-45,1/30/2023
7035,3011,Hailey,Grant,h.grant@randatmail.com,122-3620-27,6/9/2020
7036,3012,Blake,Ferguson,b.ferguson@randatmail.com,823-6533-25,10/18/2021
7037,3012,Tyler,Crawford,t.crawford@randatmail.com,020-6605-59,2/28/2017
7038,3013,Dainton,Scott,d.scott@randatmail.com,284-8577-05,6/9/2011
7039,3013,Tony,Wilson,t.wilson@randatmail.com,762-2195-30,10/1/2011
7040,3013,Byron,Chapman,b.chapman@randatmail.com,482-0430-02,10/1/2011
7041,3014,Luke,Cameron,l.cameron@randatmail.com,652-7934-59,11/3/2013
7042,3014,Henry,Alexander,h.alexander@randatmail.com,677-1515-56,5/6/2016
7043,3015,Isabella,Morris,i.morris@randatmail.com,757-9180-15,9/15/2021
7044,3015,Robert,Myers,r.myers@randatmail.com,872-2321-61,10/9/2016
7045,3016,Ashton,Fowler,a.fowler@randatmail.com,434-2243-38,10/1/2011
7046,3016,Aston,Stevens,a.stevens@randatmail.com,017-5131-33,5/6/2016
7047,3017,Julia,Kelly,j.kelly@randatmail.com,674-1068-75,6/9/2020
7048,3017,Owen,Perry,o.perry@randatmail.com,121-9323-10,9/15/2021
7049,3017,Jasmine,Davis,j.davis@randatmail.com,873-5098-30,12/18/2014
7050,3018,Dexter,West,d.west@randatmail.com,031-8981-82,6/9/2011
7051,3018,Isabella,Allen,i.allen@randatmail.com,420-1235-07,11/3/2013
7052,3018,Tara,Anderson,t.anderson@randatmail.com,829-2834-45,2/28/2017
7053,3018,Adelaide,Elliott,a.elliott@randatmail.com,611-7176-44,1/30/2023
7054,3018,Tara,Smith,t.smith@randatmail.com,758-8953-03,6/9/2011
7055,3019,Adrianna,Holmes,a.holmes@randatmail.com,857-9954-36,6/30/2021
7056,3019,Garry,Tucker,g.tucker@randatmail.com,306-9514-59,4/28/2019
7057,3019,Evelyn,Foster,e.foster@randatmail.com,761-0882-85,9/9/2020
7058,3020,Cadie,Cole,c.cole@randatmail.com,193-7495-25,1/29/2023
7059,3020,Kate,Ross,k.ross@randatmail.com,706-4799-51,9/15/2021
7060,3021,Sienna,Williams,s.williams@randatmail.com,090-3311-07,3/9/2020
7061,3021,Ted,Johnson,t.johnson@randatmail.com,673-0168-32,12/18/2014
